,UP_D1,UP_D1_Over,UP_D1_Under,UP_D2,UP_D3
0%,0.5726405090137858,0.5805084745762712,0.6093247588424437,0.8717948717948718,0.810344827586207
10%,0.5571273122959739,0.5856432125088841,0.6094627105052125,0.8700906344410877,0.8275862068965517
20%,0.564935064935065,0.5879858657243817,0.6136900078678205,0.8584474885844748,0.8275862068965517
50%,0.5577342047930283,0.5960170697012802,0.619647355163728,0.8481203007518797,0.7966101694915254
90%,0.48832271762208074,0.5222849968612681,0.5866666666666668,0.7499999999999999,0.7424242424242423
95%,0.4949290060851927,0.5232273838630807,0.5382308845577212,0.692063492063492,0.7692307692307693
